CustomerID,Recency,Frequency,Monetary,TotalProducts,AvgRating,BrandDiversity,AvgOrderValue,Cluster,ClusterName
10000,1,26,111455845.0,50,4.657692307692307,12,4286763.269230769,1,VIP Customers
10001,8,39,113534242.5,67,3.6025641025641026,22,2911134.423076923,1,VIP Customers
10002,17,15,107377190.0,25,4.566666666666666,6,7158479.333333333,0,Regular Customers
10003,40,22,57181445.0,38,4.845454545454545,11,2599156.590909091,1,VIP Customers
10004,13,22,54471052.5,36,4.05,12,2475956.9318181816,1,VIP Customers
10005,28,13,87784250.0,21,4.076923076923077,12,6752634.615384615,1,VIP Customers
10006,78,16,99862000.0,34,4.05625,11,6241375.0,1,VIP Customers
10007,1,30,51790260.0,45,4.513333333333334,13,1726342.0,1,VIP Customers
10008,15,25,88994307.5,44,3.772,11,3559772.3,1,VIP Customers
10009,16,36,212854175.0,63,3.8833333333333337,22,5912615.972222222,1,VIP Customers
10010,19,25,103677170.0,37,4.172,15,4147086.8,1,VIP Customers
10011,2,15,49675397.5,27,4.14,9,3311693.1666666665,1,VIP Customers
10012,5,45,190237135.0,69,4.053333333333334,22,4227491.888888889,1,VIP Customers
10013,16,30,151394625.0,42,4.623333333333333,15,5046487.5,1,VIP Customers
10014,1,23,87623760.0,36,3.582608695652174,18,3809728.695652174,1,VIP Customers
10015,2,49,194376425.0,69,3.6653061224489796,22,3966865.8163265307,1,VIP Customers
10016,16,23,84793935.0,31,4.665217391304347,13,3686692.8260869565,1,VIP Customers
10017,29,23,75566877.5,37,4.51304347826087,12,3285516.413043478,1,VIP Customers
10018,28,20,65640150.0,24,4.05,13,3282007.5,1,VIP Customers
10019,48,29,184493235.0,53,3.713793103448276,16,6361835.689655173,1,VIP Customers
10020,47,23,131071005.0,37,3.9782608695652173,12,5698739.347826087,1,VIP Customers
10021,65,16,37056760.0,25,4.2625,11,2316047.5,1,VIP Customers
10022,4,21,105733412.5,34,3.7142857142857144,12,5034924.404761905,1,VIP Customers
10023,14,32,120015645.0,57,4.515625,15,3750488.90625,1,VIP Customers
10024,7,40,236218700.0,63,3.625,19,5905467.5,1,VIP Customers
10025,2,36,115267845.0,59,4.133333333333334,18,3201884.5833333335,1,VIP Customers
10026,3,22,57313862.5,43,4.25,11,2605175.5681818184,1,VIP Customers
10027,21,48,185750615.0,77,4.2437499999999995,25,3869804.4791666665,1,VIP Customers
10028,5,47,179536612.5,73,4.259574468085106,24,3819927.925531915,1,VIP Customers
10029,9,30,68980600.0,47,4.63,17,2299353.3333333335,1,VIP Customers
10030,20,21,46848535.0,35,3.7476190476190476,12,2230882.619047619,1,VIP Customers
10031,10,32,117465500.0,50,4.053125,15,3670796.875,1,VIP Customers
10032,38,32,136372795.0,48,3.940625,18,4261649.84375,1,VIP Customers
10033,21,27,78642057.5,36,4.144444444444445,13,2912668.796296296,1,VIP Customers
10034,48,17,58183700.0,28,3.652941176470588,11,3422570.588235294,1,VIP Customers
10035,35,27,120462750.0,42,3.785185185185185,14,4461583.333333333,1,VIP Customers
10036,38,32,91744175.0,47,4.30625,14,2867005.46875,1,VIP Customers
10037,5,34,142215795.0,49,4.4676470588235295,19,4182817.5,1,VIP Customers
10038,14,34,109060255.0,52,4.770588235294118,15,3207654.5588235296,1,VIP Customers
10039,13,38,160510077.5,60,4.023684210526316,17,4223949.407894737,1,VIP Customers
10040,5,38,173439492.5,56,3.831578947368421,19,4564197.171052632,1,VIP Customers
10041,3,38,158014050.0,59,4.102631578947369,22,4158264.4736842103,1,VIP Customers
10042,49,19,126479300.0,30,4.147368421052631,14,6656805.263157895,1,VIP Customers
10043,23,17,76774700.0,24,4.2823529411764705,15,4516158.823529412,1,VIP Customers
10044,1,34,163406475.0,59,4.05,22,4806072.794117647,1,VIP Customers
10045,7,32,138178730.0,50,3.80625,15,4318085.3125,1,VIP Customers
10046,16,39,130844787.5,60,4.387179487179487,20,3354994.5512820515,1,VIP Customers
10047,55,18,108083625.0,31,3.7944444444444443,13,6004645.833333333,1,VIP Customers
10048,42,13,49992087.5,25,3.576923076923077,8,3845545.1923076925,0,Regular Customers
10049,18,22,73516120.0,33,4.05,14,3341641.8181818184,1,VIP Customers
10050,58,16,41759952.0,28,4.29375,6,2609997.0,0,Regular Customers
10051,4,11,35346915.0,20,3.563636363636364,6,3213355.909090909,0,Regular Customers
10052,89,8,22036212.0,12,2.35,6,2754526.5,0,Regular Customers
10053,38,27,46537350.0,44,4.162962962962963,14,1723605.5555555555,1,VIP Customers
10054,9,18,73228930.5,33,3.9722222222222223,10,4068273.9166666665,1,VIP Customers
10055,21,10,12205050.0,13,4.779999999999999,9,1220505.0,0,Regular Customers
10056,1,7,8078596.5,13,4.685714285714285,7,1154085.2142857143,0,Regular Customers
10057,38,15,37382850.0,22,4.5,8,2492190.0,0,Regular Customers
10058,47,26,71919111.0,39,4.5115384615384615,15,2766119.653846154,1,VIP Customers
10059,24,14,59890965.0,22,4.75,9,4277926.071428572,0,Regular Customers
10060,5,19,98924100.0,36,3.836842105263158,15,5206531.578947368,1,VIP Customers
10061,58,14,31418791.5,26,4.585714285714286,10,2244199.3928571427,0,Regular Customers
10062,131,12,27049710.0,21,4.816666666666666,9,2254142.5,0,Regular Customers
10063,172,7,5034195.0,12,3.2285714285714286,6,719170.7142857143,2,At Risk
10064,45,10,22992210.0,16,3.53,7,2299221.0,0,Regular Customers
10065,27,7,3458985.0,11,4.714285714285714,4,494140.71428571426,0,Regular Customers
10066,57,5,6053475.0,6,3.0,3,1210695.0,0,Regular Customers
10067,89,15,57652440.0,26,4.12,10,3843496.0,1,VIP Customers
10068,83,16,50782194.0,29,4.00625,7,3173887.125,0,Regular Customers
10069,9,6,10490311.5,7,3.966666666666667,6,1748385.25,0,Regular Customers
10070,14,12,25979586.0,18,3.7583333333333333,8,2164965.5,0,Regular Customers
10071,6,10,7525732.5,11,3.9799999999999995,7,752573.25,0,Regular Customers
10072,5,24,74623959.0,43,4.3875,16,3109331.625,1,VIP Customers
10073,4,13,57408165.0,28,4.1230769230769235,7,4416012.692307692,0,Regular Customers
10074,73,9,25354050.0,15,3.6666666666666665,7,2817116.6666666665,0,Regular Customers
10075,24,10,49990185.0,21,4.38,6,4999018.5,0,Regular Customers
10076,11,9,17769450.0,14,3.6222222222222222,5,1974383.3333333333,0,Regular Customers
10077,16,15,41525911.5,20,3.8266666666666667,13,2768394.1,1,VIP Customers
10078,29,10,43094983.5,20,4.93,7,4309498.35,0,Regular Customers
10079,4,9,14057190.0,15,4.333333333333333,5,1561910.0,0,Regular Customers
10080,51,14,44868474.0,22,4.164285714285714,8,3204891.0,0,Regular Customers
10081,5,15,43071060.0,18,4.2733333333333325,10,2871404.0,0,Regular Customers
10082,1,6,2293587.0,10,4.0,3,382264.5,0,Regular Customers
10083,48,12,26438692.5,19,4.316666666666666,9,2203224.375,0,Regular Customers
10084,16,20,53370315.0,29,4.779999999999999,13,2668515.75,1,VIP Customers
10085,119,9,50426790.0,14,3.788888888888889,8,5602976.666666667,0,Regular Customers
10086,6,16,64829625.0,25,3.60625,10,4051851.5625,1,VIP Customers
10087,179,10,13516663.5,20,4.4,5,1351666.35,0,Regular Customers
10088,25,13,47697000.0,25,3.746153846153846,8,3669000.0,0,Regular Customers
10089,96,9,20723262.0,15,4.811111111111111,7,2302584.6666666665,0,Regular Customers
10090,132,17,15655995.0,28,4.241176470588235,10,920940.8823529412,0,Regular Customers
10091,49,6,3472170.0,8,4.3999999999999995,4,578695.0,0,Regular Customers
10092,12,12,53583807.0,15,2.5500000000000003,10,4465317.25,0,Regular Customers
10093,47,12,24968205.0,16,3.5833333333333335,10,2080683.75,0,Regular Customers
10094,5,19,42127677.0,32,4.015789473684211,9,2217246.1578947366,1,VIP Customers
10095,1,25,69095850.0,38,4.408,17,2763834.0,1,VIP Customers
10096,29,5,7224000.0,10,3.8600000000000003,5,1444800.0,0,Regular Customers
10097,27,30,68840962.5,51,3.2366666666666664,17,2294698.75,1,VIP Customers
10098,9,15,69521787.0,28,4.846666666666667,9,4634785.8,1,VIP Customers
10099,29,17,72017566.5,30,4.047058823529412,11,4236327.44117647,1,VIP Customers
10100,63,17,12801921.0,27,4.035294117647059,11,753054.1764705882,0,Regular Customers
10101,20,14,53805030.0,23,4.492857142857143,8,3843216.4285714286,0,Regular Customers
10102,36,21,67582950.0,31,4.4714285714285715,16,3218235.714285714,1,VIP Customers
10103,118,10,25606509.0,20,3.7399999999999998,7,2560650.9,0,Regular Customers
10104,130,21,34121754.0,38,3.9380952380952383,11,1624845.4285714286,1,VIP Customers
10105,47,6,17830800.0,15,3.25,6,2971800.0,0,Regular Customers
10106,4,18,49212975.0,26,4.027777777777778,11,2734054.1666666665,1,VIP Customers
10107,37,19,64140720.0,31,4.663157894736842,12,3375827.3684210526,1,VIP Customers
10108,60,32,103269148.5,51,3.69375,15,3227160.890625,1,VIP Customers
10109,23,15,53182299.0,26,4.3533333333333335,9,3545486.6,1,VIP Customers
10110,159,11,35525046.0,15,4.836363636363637,8,3229549.6363636362,0,Regular Customers
10111,67,4,7120500.0,7,4.9,4,1780125.0,0,Regular Customers
10112,227,15,30826380.0,22,4.6066666666666665,8,2055092.0,0,Regular Customers
10113,90,8,49310340.0,12,3.6375,7,6163792.5,0,Regular Customers
10114,16,10,37612530.0,15,4.24,6,3761253.0,0,Regular Customers
10115,30,10,13982430.0,15,4.89,7,1398243.0,0,Regular Customers
10116,4,17,62239515.0,31,4.276470588235294,11,3661147.9411764704,1,VIP Customers
10117,13,15,52748460.0,29,4.78,9,3516564.0,1,VIP Customers
10118,126,4,41255400.0,8,3.75,2,10313850.0,0,Regular Customers
10119,8,13,28935825.0,22,4.453846153846154,10,2225832.6923076925,0,Regular Customers
10120,51,22,74040541.5,29,4.218181818181818,15,3365479.159090909,1,VIP Customers
10121,5,10,12024813.0,11,4.79,5,1202481.3,0,Regular Customers
10122,145,11,68562630.0,17,3.9909090909090907,8,6232966.363636363,0,Regular Customers
10123,10,18,45883597.5,33,3.938888888888889,11,2549088.75,1,VIP Customers
10124,102,18,37904457.0,33,4.2555555555555555,9,2105803.1666666665,1,VIP Customers
10125,66,13,36343347.0,24,3.769230769230769,7,2795642.076923077,0,Regular Customers
10126,34,16,61629571.5,26,3.59375,11,3851848.21875,1,VIP Customers
10127,111,14,65285880.0,22,3.8642857142857143,10,4663277.142857143,0,Regular Customers
10128,4,14,9699177.0,18,3.7857142857142856,7,692798.3571428572,0,Regular Customers
10129,147,13,33809385.0,25,3.8923076923076922,9,2600721.923076923,0,Regular Customers
10130,21,11,19955901.0,16,3.8636363636363638,8,1814172.8181818181,0,Regular Customers
10131,2,13,15923058.0,22,4.353846153846154,9,1224850.6153846155,0,Regular Customers
10132,32,14,23191365.0,24,4.164285714285714,10,1656526.0714285714,0,Regular Customers
10133,16,15,23124201.0,21,4.253333333333333,11,1541613.4,0,Regular Customers
10134,122,7,26496480.0,10,3.5285714285714285,3,3785211.4285714286,0,Regular Customers
10135,88,7,33654570.0,15,4.871428571428572,5,4807795.714285715,0,Regular Customers
10136,58,18,41546944.5,26,4.333333333333333,10,2308163.5833333335,1,VIP Customers
10137,12,7,6978870.0,15,3.442857142857143,5,996981.4285714285,0,Regular Customers
10138,35,22,66326125.5,40,4.336363636363637,12,3014823.8863636362,1,VIP Customers
10139,114,17,61356607.5,23,4.364705882352942,13,3609212.205882353,1,VIP Customers
10140,33,23,71005980.0,41,4.421739130434783,14,3087216.5217391304,1,VIP Customers
10141,28,11,13148580.0,20,4.154545454545455,6,1195325.4545454546,0,Regular Customers
10142,7,20,54742710.0,34,4.279999999999999,15,2737135.5,1,VIP Customers
10143,57,19,38557132.5,31,3.305263157894737,14,2029322.7631578948,1,VIP Customers
10144,83,17,29802777.0,24,4.017647058823529,13,1753104.5294117648,1,VIP Customers
10145,19,16,79110420.0,28,4.55,9,4944401.25,1,VIP Customers
10146,44,19,16152948.0,24,4.11578947368421,9,850155.1578947369,0,Regular Customers
10147,136,9,43976544.0,17,4.155555555555555,5,4886282.666666667,0,Regular Customers
10148,7,16,20406150.0,25,4.19375,11,1275384.375,0,Regular Customers
10149,48,9,21633135.0,15,4.922222222222222,6,2403681.6666666665,0,Regular Customers
10150,32,9,15828600.0,11,4.199999999999999,9,1758733.3333333333,0,Regular Customers
10151,4,9,42459000.0,16,4.788888888888889,8,4717666.666666667,0,Regular Customers
10152,37,10,43642129.5,18,4.3,5,4364212.95,0,Regular Customers
10153,78,9,16621170.0,11,4.166666666666667,6,1846796.6666666667,0,Regular Customers
10154,128,8,9820350.0,13,4.7,5,1227543.75,0,Regular Customers
10155,82,17,32953314.0,19,4.835294117647059,10,1938430.2352941176,0,Regular Customers
10156,31,12,23894298.0,20,3.2416666666666667,10,1991191.5,0,Regular Customers
10157,2,16,19326885.0,22,4.275,10,1207930.3125,0,Regular Customers
10158,106,12,32554288.5,18,4.108333333333333,9,2712857.375,0,Regular Customers
10159,3,12,57293718.0,16,4.133333333333334,9,4774476.5,0,Regular Customers
10160,10,8,9228600.0,12,4.325,5,1153575.0,0,Regular Customers
10161,75,13,20792367.0,22,3.792307692307692,10,1599412.8461538462,0,Regular Customers
10162,10,16,40750875.0,33,4.49375,12,2546929.6875,1,VIP Customers
10163,6,6,18033450.0,7,4.05,4,3005575.0,0,Regular Customers
10164,6,10,44439510.0,17,2.5100000000000002,8,4443951.0,0,Regular Customers
10165,10,17,95869020.0,26,4.288235294117648,12,5639354.117647059,1,VIP Customers
10166,101,10,22101084.0,18,3.55,8,2210108.4,0,Regular Customers
10167,49,16,31762590.0,32,3.04375,10,1985161.875,1,VIP Customers
10168,50,8,17374800.0,16,4.8375,6,2171850.0,0,Regular Customers
10169,10,6,4157640.0,9,4.033333333333333,5,692940.0,0,Regular Customers
10170,4,6,13366800.0,7,4.166666666666667,5,2227800.0,0,Regular Customers
10171,52,14,31735335.0,23,4.55,10,2266809.6428571427,0,Regular Customers
10172,30,18,52056988.5,33,3.761111111111111,9,2892054.9166666665,1,VIP Customers
10173,1,23,47680185.0,38,4.378260869565217,16,2073051.5217391304,1,VIP Customers
10174,61,11,58531200.0,18,3.790909090909091,7,5321018.181818182,0,Regular Customers
10175,68,4,7627500.0,5,3.7,3,1906875.0,0,Regular Customers
10176,126,7,3418800.0,12,4.071428571428571,4,488400.0,2,At Risk
10177,42,12,19986660.0,17,4.766666666666667,9,1665555.0,0,Regular Customers
10178,44,9,23823229.5,10,4.2555555555555555,7,2647025.5,0,Regular Customers
10179,18,12,26549550.0,14,3.983333333333333,9,2212462.5,0,Regular Customers
10180,1,4,7099695.0,5,4.65,3,1774923.75,0,Regular Customers
10181,9,5,9121200.0,9,3.0,4,1824240.0,0,Regular Customers
10182,72,14,29851935.0,18,4.1571428571428575,5,2132281.0714285714,0,Regular Customers
10183,62,6,34634775.0,10,4.166666666666667,5,5772462.5,0,Regular Customers
10184,18,8,4774020.0,20,4.675,3,596752.5,0,Regular Customers
10185,51,17,36095134.5,29,3.658823529411765,10,2123243.205882353,1,VIP Customers
10186,25,5,7480350.0,5,3.8600000000000003,5,1496070.0,0,Regular Customers
10187,20,24,56102293.5,34,3.9416666666666664,14,2337595.5625,1,VIP Customers
10188,13,24,46999365.0,43,4.4624999999999995,14,1958306.875,1,VIP Customers
10189,26,16,46956900.0,28,3.475,12,2934806.25,1,VIP Customers
10190,18,9,14305815.0,13,4.166666666666667,6,1589535.0,0,Regular Customers
10191,76,20,69681300.0,33,4.3549999999999995,12,3484065.0,1,VIP Customers
10192,46,16,32649840.0,30,3.875,11,2040615.0,1,VIP Customers
10193,47,7,20537400.0,16,4.085714285714286,5,2933914.285714286,0,Regular Customers
10194,6,10,17605905.0,12,3.8200000000000003,7,1760590.5,0,Regular Customers
10195,107,3,12548550.0,4,5.0,3,4182850.0,0,Regular Customers
10196,31,20,59044783.5,32,4.1049999999999995,12,2952239.175,1,VIP Customers
10197,154,9,15970470.0,14,4.1,6,1774496.6666666667,0,Regular Customers
10198,17,9,27725025.0,22,3.3111111111111113,7,3080558.3333333335,0,Regular Customers
10199,73,21,35006175.0,40,4.1952380952380945,14,1666960.7142857143,1,VIP Customers
10200,67,7,14354000.0,9,2.7714285714285714,7,2050571.4285714286,0,Regular Customers
10201,23,6,8576000.0,9,3.3333333333333335,6,1429333.3333333333,0,Regular Customers
10202,26,4,4868820.0,7,3.75,3,1217205.0,0,Regular Customers
10203,105,9,11317906.0,17,4.7555555555555555,5,1257545.111111111,0,Regular Customers
10204,40,7,9110911.0,11,4.214285714285714,7,1301558.7142857143,0,Regular Customers
10205,189,13,32803800.0,23,4.5,7,2523369.230769231,0,Regular Customers
10206,2,10,17663760.0,14,2.56,7,1766376.0,0,Regular Customers
10207,36,5,5646000.0,11,1.9,5,1129200.0,0,Regular Customers
10208,38,13,15499820.0,19,4.415384615384616,7,1192293.8461538462,0,Regular Customers
10209,63,9,17556180.0,15,3.8666666666666663,6,1950686.6666666667,0,Regular Customers
10210,31,12,18863440.0,20,4.866666666666666,10,1571953.3333333333,0,Regular Customers
10211,91,2,227000.0,2,5.0,1,113500.0,2,At Risk
10212,129,7,21263600.0,7,4.614285714285714,6,3037657.1428571427,0,Regular Customers
10213,43,15,57205734.0,22,3.8666666666666667,12,3813715.6,1,VIP Customers
10214,24,6,37476990.0,15,4.816666666666666,4,6246165.0,0,Regular Customers
10215,139,5,11433600.0,7,4.96,5,2286720.0,0,Regular Customers
10216,230,7,5059902.0,9,4.928571428571429,5,722843.1428571428,2,At Risk
10217,69,1,3990000.0,1,5.0,1,3990000.0,0,Regular Customers
10218,41,9,11437178.0,14,4.366666666666666,5,1270797.5555555555,0,Regular Customers
10219,95,5,563732.0,5,4.88,1,112746.4,2,At Risk
10220,16,5,9183800.0,12,2.92,4,1836760.0,0,Regular Customers
10221,2,6,11426350.0,10,3.85,6,1904391.6666666667,0,Regular Customers
10222,134,12,36082280.0,23,4.458333333333333,10,3006856.6666666665,0,Regular Customers
10223,16,11,13116450.0,16,4.309090909090909,8,1192404.5454545454,0,Regular Customers
10224,6,5,3519440.0,9,4.8,3,703888.0,0,Regular Customers
10225,24,11,24651760.0,21,3.9181818181818184,9,2241069.090909091,0,Regular Customers
10226,265,1,620000.0,1,5.0,1,620000.0,2,At Risk
10227,82,5,17626150.0,11,3.96,5,3525230.0,0,Regular Customers
10228,75,9,43335775.0,13,3.711111111111111,6,4815086.111111111,0,Regular Customers
10229,173,4,2369200.0,6,4.875,3,592300.0,2,At Risk
10230,94,16,49919102.0,26,4.30625,10,3119943.875,1,VIP Customers
10231,230,3,479000.0,4,3.3333333333333335,3,159666.66666666666,2,At Risk
10232,64,4,6608200.0,8,3.4749999999999996,4,1652050.0,0,Regular Customers
10233,87,4,18638300.0,5,2.5,4,4659575.0,0,Regular Customers
10234,73,6,5799440.0,7,3.1999999999999997,6,966573.3333333334,0,Regular Customers
10235,20,9,36193076.0,14,3.7222222222222223,8,4021452.888888889,0,Regular Customers
10236,30,4,18898000.0,8,4.725,4,4724500.0,0,Regular Customers
10237,177,2,1327556.0,4,5.0,2,663778.0,2,At Risk
10238,24,12,20919800.0,21,4.033333333333333,8,1743316.6666666667,0,Regular Customers
10239,4,5,10231600.0,10,4.5,5,2046320.0,0,Regular Customers
10240,7,7,15276134.0,11,4.257142857142857,5,2182304.8571428573,0,Regular Customers
10241,35,6,14857648.0,8,4.05,4,2476274.6666666665,0,Regular Customers
10242,175,6,4083440.0,12,4.066666666666666,3,680573.3333333334,2,At Risk
10243,45,11,70889580.0,19,4.445454545454545,7,6444507.2727272725,0,Regular Customers
10244,32,5,12424000.0,8,2.9,5,2484800.0,0,Regular Customers
10245,196,4,7969580.0,5,4.8,3,1992395.0,0,Regular Customers
10246,103,9,52210565.0,17,3.177777777777778,6,5801173.888888889,0,Regular Customers
10247,65,8,1548920.0,10,4.2125,5,193615.0,2,At Risk
10248,4,8,8038640.0,16,4.5875,5,1004830.0,0,Regular Customers
10249,7,7,16614800.0,13,2.8000000000000003,7,2373542.8571428573,0,Regular Customers
10250,98,4,23592839.0,6,4.875,3,5898209.75,0,Regular Customers
10251,11,8,10411800.0,17,4.775,4,1301475.0,0,Regular Customers
10252,6,7,7446480.0,15,4.171428571428572,7,1063782.857142857,0,Regular Customers
10253,153,4,3513750.0,5,3.7,4,878437.5,2,At Risk
10254,122,6,5659750.0,8,3.8666666666666667,3,943291.6666666666,0,Regular Customers
10255,140,7,18553700.0,10,4.785714285714286,6,2650528.5714285714,0,Regular Customers
10256,141,3,2115600.0,4,4.733333333333333,3,705200.0,2,At Risk
10257,63,5,1158650.0,7,5.0,1,231730.0,2,At Risk
10258,28,7,4819380.0,10,4.185714285714286,5,688482.8571428572,0,Regular Customers
10259,347,5,2455500.0,6,3.9,5,491100.0,2,At Risk
10260,44,6,2085020.0,9,4.766666666666667,4,347503.3333333333,2,At Risk
10261,141,6,1758538.0,14,4.05,5,293089.6666666667,2,At Risk
10262,38,7,5517934.0,10,4.828571428571428,5,788276.2857142857,0,Regular Customers
10263,225,3,10289200.0,6,4.933333333333334,3,3429733.3333333335,0,Regular Customers
10264,112,9,10911400.0,11,4.0,8,1212377.7777777778,0,Regular Customers
10265,81,7,12431028.0,10,4.114285714285715,6,1775861.142857143,0,Regular Customers
10266,10,4,882500.0,4,3.375,4,220625.0,2,At Risk
10267,218,4,7840400.0,10,5.0,3,1960100.0,0,Regular Customers
10268,94,3,3840900.0,6,4.766666666666667,3,1280300.0,0,Regular Customers
10269,113,7,11492211.0,13,3.4,3,1641744.4285714286,0,Regular Customers
10270,108,10,53256402.0,20,3.3299999999999996,7,5325640.2,0,Regular Customers
10271,163,6,11728800.0,6,4.083333333333333,6,1954800.0,0,Regular Customers
10272,14,5,1214400.0,7,3.88,2,242880.0,2,At Risk
10274,144,5,6433700.0,10,3.8600000000000003,4,1286740.0,0,Regular Customers
10275,29,8,19522760.0,20,4.2625,7,2440345.0,0,Regular Customers
10276,53,7,42867260.0,13,4.8999999999999995,5,6123894.285714285,0,Regular Customers
10277,67,5,9067000.0,6,4.0,4,1813400.0,0,Regular Customers
10278,165,11,16995196.0,21,3.8818181818181823,7,1545017.8181818181,0,Regular Customers
10279,212,2,35998880.0,5,4.9,2,17999440.0,0,Regular Customers
10280,14,10,9128156.0,21,4.39,5,912815.6,0,Regular Customers
10281,31,5,1016600.0,9,3.9200000000000004,5,203320.0,2,At Risk
10282,25,4,18709000.0,9,4.05,4,4677250.0,0,Regular Customers
10283,68,7,13562400.0,9,4.242857142857143,4,1937485.7142857143,0,Regular Customers
10284,37,2,7089000.0,2,4.65,2,3544500.0,0,Regular Customers
10285,136,12,9313160.0,21,4.833333333333333,8,776096.6666666666,0,Regular Customers
10286,42,7,6056360.0,8,4.828571428571428,4,865194.2857142857,0,Regular Customers
10287,98,6,13600100.0,10,3.8166666666666664,6,2266683.3333333335,0,Regular Customers
10288,14,9,6779174.0,15,3.7666666666666666,5,753241.5555555555,0,Regular Customers
10290,115,7,33834000.0,14,3.542857142857143,5,4833428.571428572,0,Regular Customers
10291,49,4,1825200.0,11,4.625,3,456300.0,2,At Risk
10292,16,10,17759500.0,16,3.95,8,1775950.0,0,Regular Customers
10293,106,5,23570000.0,11,3.96,5,4714000.0,0,Regular Customers
10294,17,3,1659000.0,4,5.0,3,553000.0,2,At Risk
10295,86,6,20227000.0,10,3.216666666666667,6,3371166.6666666665,0,Regular Customers
10296,195,4,12189750.0,7,4.8,3,3047437.5,0,Regular Customers
10297,105,13,26303560.0,21,4.8076923076923075,10,2023350.7692307692,0,Regular Customers
10298,31,4,33430460.0,5,3.675,4,8357615.0,0,Regular Customers
10299,39,4,9467000.0,4,2.5,4,2366750.0,0,Regular Customers
10300,5,3,3186000.0,3,3.266666666666667,3,1062000.0,0,Regular Customers
10301,22,11,34131963.0,15,3.5181818181818185,7,3102905.727272727,0,Regular Customers
10302,4,5,27034400.0,7,3.78,4,5406880.0,0,Regular Customers
10303,22,5,5247822.0,6,4.88,5,1049564.4,0,Regular Customers
10304,74,15,10040670.0,30,4.826666666666667,9,669378.0,0,Regular Customers
10305,75,6,7199800.0,7,4.066666666666666,5,1199966.6666666667,0,Regular Customers
10306,13,2,258400.0,3,2.5,2,129200.0,2,At Risk
10307,1,12,25127514.0,24,4.325,9,2093959.5,0,Regular Customers
10308,29,2,10235000.0,4,2.5,2,5117500.0,0,Regular Customers
10309,205,4,13749000.0,7,2.7,4,3437250.0,0,Regular Customers
10310,74,10,16218180.0,15,3.6799999999999997,8,1621818.0,0,Regular Customers
10311,3,6,32418440.0,10,4.033333333333333,3,5403073.333333333,0,Regular Customers
10312,140,2,387000.0,3,4.85,2,193500.0,2,At Risk
10313,267,4,873364.0,9,4.875,2,218341.0,2,At Risk
10314,101,4,4625500.0,4,4.875,4,1156375.0,0,Regular Customers
10315,24,8,19241588.0,18,4.2,5,2405198.5,0,Regular Customers
10316,3,11,10102744.0,15,4.627272727272727,7,918431.2727272727,0,Regular Customers
10317,94,3,1894000.0,3,4.8999999999999995,3,631333.3333333334,2,At Risk
10318,102,3,6320200.0,6,3.3333333333333335,3,2106733.3333333335,0,Regular Customers
10319,147,6,7822800.0,7,3.3000000000000003,5,1303800.0,0,Regular Customers
10320,159,8,10330700.0,14,3.5375,6,1291337.5,0,Regular Customers
10321,36,6,6100940.0,7,4.683333333333334,5,1016823.3333333334,0,Regular Customers
10322,52,11,34977514.0,23,3.3818181818181823,9,3179774.0,0,Regular Customers
10323,3,4,36725000.0,9,3.55,4,9181250.0,0,Regular Customers
10324,72,4,13020500.0,7,3.5,4,3255125.0,0,Regular Customers
10325,64,8,1919630.0,12,4.8875,5,239953.75,2,At Risk
10326,11,11,20612200.0,16,4.418181818181818,7,1873836.3636363635,0,Regular Customers
10327,88,5,6844000.0,9,3.72,5,1368800.0,0,Regular Customers
10328,110,9,13123534.0,18,4.766666666666667,5,1458170.4444444445,0,Regular Customers
10329,33,13,79128390.0,23,3.715384615384615,7,6086799.230769231,0,Regular Customers
10330,14,8,8421350.0,11,4.2875,6,1052668.75,0,Regular Customers
10331,29,12,38638240.0,19,3.975,7,3219853.3333333335,0,Regular Customers
10332,7,3,846900.0,4,4.933333333333334,3,282300.0,2,At Risk
10333,16,1,104940.0,1,4.7,1,104940.0,2,At Risk
10334,117,2,14386000.0,3,2.5,2,7193000.0,0,Regular Customers
10335,3,10,47778263.0,16,4.45,5,4777826.3,0,Regular Customers
10336,93,5,7102900.0,8,2.88,4,1420580.0,0,Regular Customers
10337,4,7,11946600.0,14,2.7285714285714286,6,1706657.142857143,0,Regular Customers
10338,225,5,11038836.0,8,4.779999999999999,3,2207767.2,0,Regular Customers
10339,87,4,2765000.0,5,5.0,4,691250.0,2,At Risk
10340,21,7,9663800.0,9,2.814285714285714,7,1380542.857142857,0,Regular Customers
10341,162,6,19316800.0,11,3.1666666666666665,4,3219466.6666666665,0,Regular Customers
10342,81,7,10235038.0,8,4.185714285714286,5,1462148.2857142857,0,Regular Customers
10343,45,12,25799229.0,20,4.108333333333333,9,2149935.75,0,Regular Customers
10344,98,3,3992900.0,6,4.566666666666666,3,1330966.6666666667,0,Regular Customers
10345,280,4,6536000.0,8,2.5,4,1634000.0,2,At Risk
10346,19,7,14545741.0,9,4.514285714285714,4,2077963.0,0,Regular Customers
10347,8,11,36413806.0,19,4.0,7,3310346.0,0,Regular Customers
10348,17,13,4580209.0,17,4.884615384615385,8,352323.76923076925,0,Regular Customers
10349,30,9,7161700.0,13,3.755555555555555,8,795744.4444444445,0,Regular Customers
10350,54,11,22362850.0,19,3.409090909090909,9,2032986.3636363635,0,Regular Customers
10351,67,7,7729600.0,10,4.171428571428572,6,1104228.5714285714,0,Regular Customers
10352,192,5,4752394.0,8,4.9399999999999995,3,950478.8,2,At Risk
10353,81,4,5374000.0,4,3.75,4,1343500.0,0,Regular Customers
10354,71,2,1075000.0,2,0.0,2,537500.0,2,At Risk
10355,53,3,20577000.0,6,3.1666666666666665,3,6859000.0,0,Regular Customers
10356,133,6,16989720.0,8,4.033333333333333,5,2831620.0,0,Regular Customers
10357,93,8,6576960.0,12,4.2625,6,822120.0,0,Regular Customers
10358,4,8,25219900.0,11,3.875,7,3152487.5,0,Regular Customers
10359,65,3,774800.0,7,4.866666666666666,2,258266.66666666666,2,At Risk
10360,12,10,15091030.0,15,3.4200000000000004,10,1509103.0,0,Regular Customers
10361,4,8,4154720.0,12,4.6375,5,519340.0,0,Regular Customers
10362,45,10,22662720.0,18,3.37,7,2266272.0,0,Regular Customers
10363,65,7,15080600.0,14,4.214285714285714,4,2154371.4285714286,0,Regular Customers
10364,324,2,3616000.0,4,2.5,2,1808000.0,2,At Risk
10365,22,14,49318140.0,25,4.6000000000000005,11,3522724.285714286,1,VIP Customers
10366,67,7,5970400.0,11,4.128571428571428,5,852914.2857142857,0,Regular Customers
10367,4,10,6878849.0,21,4.39,7,687884.9,0,Regular Customers
10368,50,8,4776600.0,12,4.3,5,597075.0,0,Regular Customers
10369,79,8,14626160.0,11,3.625,6,1828270.0,0,Regular Customers
10370,53,9,18244760.0,15,3.7333333333333334,8,2027195.5555555555,0,Regular Customers
10371,94,5,7046400.0,7,4.96,2,1409280.0,0,Regular Customers
10372,61,2,571060.0,4,5.0,2,285530.0,2,At Risk
10373,61,1,3990000.0,1,5.0,1,3990000.0,0,Regular Customers
10374,180,5,5917384.0,8,4.82,2,1183476.8,2,At Risk
10375,88,9,15386000.0,16,4.888888888888889,9,1709555.5555555555,0,Regular Customers
10376,27,7,14703810.0,10,5.0,6,2100544.285714286,0,Regular Customers
10377,14,8,7778560.0,14,4.7125,7,972320.0,0,Regular Customers
10378,85,7,21685541.0,10,3.5,7,3097934.4285714286,0,Regular Customers
10379,73,11,24898300.0,18,4.554545454545455,7,2263481.8181818184,0,Regular Customers
10380,137,5,32905850.0,8,4.9399999999999995,3,6581170.0,0,Regular Customers
10381,316,2,2250220.0,7,4.9,2,1125110.0,2,At Risk
10382,347,3,5044900.0,6,5.0,2,1681633.3333333333,2,At Risk
10383,361,3,1442960.0,5,2.9,2,480986.6666666667,2,At Risk
10384,179,9,10262090.0,11,4.233333333333333,6,1140232.2222222222,0,Regular Customers
10385,78,11,13064272.0,23,4.0,5,1187661.0909090908,0,Regular Customers
10386,225,5,1688740.0,6,4.5,4,337748.0,2,At Risk
10387,125,11,10781700.0,16,4.363636363636363,10,980154.5454545454,0,Regular Customers
10388,50,3,2749950.0,5,4.833333333333333,2,916650.0,0,Regular Customers
10389,5,5,3435000.0,8,3.6399999999999997,5,687000.0,0,Regular Customers
10390,32,6,1603228.0,12,4.933333333333334,2,267204.6666666667,2,At Risk
10391,103,6,28737566.0,11,3.966666666666667,4,4789594.333333333,0,Regular Customers
10392,3,10,21438500.0,14,3.95,8,2143850.0,0,Regular Customers
10393,44,4,16221500.0,8,4.925,4,4055375.0,0,Regular Customers
10394,15,8,23277000.0,15,4.775,6,2909625.0,0,Regular Customers
10395,12,6,5454580.0,10,4.0,6,909096.6666666666,0,Regular Customers
10396,133,9,4772600.0,12,4.277777777777778,7,530288.8888888889,0,Regular Customers
10397,105,7,21714120.0,10,4.685714285714285,4,3102017.1428571427,0,Regular Customers
10398,23,4,424400.0,4,3.7,3,106100.0,2,At Risk
10399,5,10,4388541.0,17,4.89,4,438854.1,0,Regular Customers
10400,294,2,624800.0,5,4.4,2,312400.0,2,At Risk
10402,334,3,4726400.0,4,4.833333333333333,3,1575466.6666666667,2,At Risk
10403,48,2,1728800.0,4,4.9,2,864400.0,2,At Risk
10404,97,2,3892000.0,2,4.75,2,1946000.0,0,Regular Customers
10405,329,5,1822648.8,9,4.0,3,364529.76,2,At Risk
10406,212,3,823920.0,3,4.833333333333333,3,274640.0,2,At Risk
10407,165,1,2392000.0,1,4.7,1,2392000.0,2,At Risk
10408,80,1,48000.0,1,4.8,1,48000.0,2,At Risk
10409,113,5,4569168.0,11,4.8,4,913833.6,0,Regular Customers
10410,6,2,2835040.0,3,2.5,2,1417520.0,0,Regular Customers
10411,364,2,5462963.2,3,2.1,2,2731481.6,2,At Risk
10412,10,2,353472.0,4,4.9,1,176736.0,2,At Risk
10413,58,2,425600.0,2,2.5,2,212800.0,2,At Risk
10414,142,2,4265956.0,2,5.0,2,2132978.0,0,Regular Customers
10415,193,1,479200.0,1,0.0,1,479200.0,2,At Risk
10416,61,1,61520.0,1,4.8,1,61520.0,2,At Risk
10417,252,2,406240.0,3,2.5,2,203120.0,2,At Risk
10419,15,5,408999.2,8,5.0,1,81799.84,2,At Risk
10420,105,4,3771600.0,4,3.4,3,942900.0,2,At Risk
10421,229,2,694400.0,3,1.0,2,347200.0,2,At Risk
10422,142,1,300000.0,1,5.0,1,300000.0,2,At Risk
10423,236,1,2958400.0,2,0.0,1,2958400.0,2,At Risk
10424,242,3,1755350.4,6,3.266666666666667,3,585116.7999999999,2,At Risk
10425,239,2,246400.0,5,4.0,2,123200.0,2,At Risk
10426,130,1,184000.0,1,4.3,1,184000.0,2,At Risk
10427,62,2,1152000.0,2,4.8,1,576000.0,2,At Risk
10428,40,3,10306400.0,7,4.8999999999999995,3,3435466.6666666665,0,Regular Customers
10429,154,2,251822.4,2,5.0,2,125911.2,2,At Risk
10430,100,2,2526400.0,2,2.4,2,1263200.0,2,At Risk
10432,11,1,140000.0,1,4.6,1,140000.0,2,At Risk
10433,254,1,221904.0,1,4.8,1,221904.0,2,At Risk
10434,332,1,108800.0,1,5.0,1,108800.0,2,At Risk
10435,289,4,1000348.8,6,3.65,3,250087.2,2,At Risk
10436,179,3,1591287.2,3,4.8,2,530429.0666666667,2,At Risk
10437,262,1,38400.0,1,4.6,1,38400.0,2,At Risk
10438,51,4,2868720.0,6,3.75,3,717180.0,0,Regular Customers
10439,362,3,1278144.0,8,3.266666666666667,3,426048.0,2,At Risk
10440,266,3,274000.0,3,4.833333333333333,3,91333.33333333333,2,At Risk
10441,325,1,2872000.0,1,0.0,1,2872000.0,2,At Risk
10442,273,2,264416.0,4,5.0,2,132208.0,2,At Risk
10443,168,3,3982304.0,3,3.266666666666667,2,1327434.6666666667,2,At Risk
10444,270,3,720000.0,5,1.5,3,240000.0,2,At Risk
10445,227,2,363600.0,4,4.85,2,181800.0,2,At Risk
10446,118,2,783264.0,4,2.15,2,391632.0,2,At Risk
10447,308,1,94512.0,1,5.0,1,94512.0,2,At Risk
10448,18,2,2560800.0,2,4.9,2,1280400.0,0,Regular Customers
10449,129,3,5557520.0,6,1.9333333333333333,3,1852506.6666666667,0,Regular Customers
10450,181,3,5335200.0,5,4.833333333333333,3,1778400.0,2,At Risk
10451,48,4,2556212.8,6,1.25,4,639053.2,0,Regular Customers
10452,19,3,14940160.0,5,1.6666666666666667,3,4980053.333333333,0,Regular Customers
10453,118,1,117248.0,1,5.0,1,117248.0,2,At Risk
10454,320,2,4462400.0,2,2.5,2,2231200.0,2,At Risk
10455,122,5,11592065.6,9,4.96,5,2318413.12,0,Regular Customers
10456,24,1,512000.0,2,5.0,1,512000.0,2,At Risk
10457,277,2,1096923.2000000002,5,1.0,2,548461.6000000001,2,At Risk
10459,172,1,92320.0,1,5.0,1,92320.0,2,At Risk
10460,78,1,415200.0,1,4.5,1,415200.0,2,At Risk
10461,290,2,4228800.0,6,4.75,2,2114400.0,2,At Risk
10462,277,2,2750320.0,2,2.4,2,1375160.0,2,At Risk
10464,205,4,637040.0,7,3.675,2,159260.0,2,At Risk
10466,78,3,24127480.0,3,3.3333333333333335,3,8042493.333333333,0,Regular Customers
10468,250,1,1359200.0,1,5.0,1,1359200.0,2,At Risk
10469,348,2,7795144.0,3,2.5,2,3897572.0,2,At Risk
10472,139,7,15705488.0,11,3.457142857142857,7,2243641.1428571427,0,Regular Customers
10473,339,1,798400.0,2,0.0,1,798400.0,2,At Risk
10474,152,1,7917600.0,3,0.0,1,7917600.0,0,Regular Customers
10475,12,2,2440000.0,2,4.9,2,1220000.0,0,Regular Customers
10476,272,3,3076424.0,3,3.1999999999999997,3,1025474.6666666666,2,At Risk
10477,153,3,727104.0,3,4.533333333333334,3,242368.0,2,At Risk
10478,284,1,111200.0,1,5.0,1,111200.0,2,At Risk
10479,231,1,111200.0,1,0.0,1,111200.0,2,At Risk
10480,329,2,1005504.0,5,2.9,2,502752.0,2,At Risk
10481,222,4,8557360.0,7,3.5,3,2139340.0,0,Regular Customers
10482,208,3,5164632.0,6,4.933333333333334,3,1721544.0,2,At Risk
10484,326,4,5804968.0,10,3.625,3,1451242.0,2,At Risk
10485,87,2,740080.0,5,4.9,2,370040.0,2,At Risk
10486,138,2,7971376.0,4,4.9,2,3985688.0,0,Regular Customers
10487,72,2,5899760.0,3,5.0,2,2949880.0,0,Regular Customers
10488,84,1,407200.0,1,0.0,1,407200.0,2,At Risk
10489,84,5,9332000.0,8,3.66,4,1866400.0,0,Regular Customers
10490,121,2,1737440.0,3,4.9,2,868720.0,2,At Risk
10491,78,1,5997600.0,3,0.0,1,5997600.0,0,Regular Customers
10492,97,1,5343200.0,1,0.0,1,5343200.0,0,Regular Customers
10493,284,3,840400.0,4,4.333333333333333,3,280133.3333333333,2,At Risk
10494,194,2,1448000.0,2,4.9,1,724000.0,2,At Risk
10495,33,3,9591520.0,5,5.0,3,3197173.3333333335,0,Regular Customers
10497,50,1,157707.2,1,5.0,1,157707.2,2,At Risk
10498,299,1,241600.0,2,5.0,1,241600.0,2,At Risk
10499,225,5,8402400.0,12,3.1,5,1680480.0,0,Regular Customers
