CustomerID,Recency,Frequency,Monetary,TotalProducts,AvgRating,BrandDiversity,AvgOrderValue
10000,19,27,117160102.5,40,4.007407407407407,16,4339263.055555556
10001,45,26,66247462.5,35,4.046153846153846,13,2547979.326923077
10002,6,24,127604520.0,35,4.266666666666667,14,5316855.0
10003,5,41,101700700.0,69,3.6951219512195124,24,2480504.8780487804
10004,20,32,137115277.5,54,4.45625,21,4284852.421875
10005,30,45,241293705.0,72,4.491111111111111,24,5362082.333333333
10006,6,43,140294002.5,58,3.993023255813953,15,3262651.2209302327
10007,17,42,181981295.0,72,4.354761904761905,24,4332887.976190476
10008,56,28,101572325.0,40,3.8714285714285714,19,3627583.035714286
10009,30,33,109196675.0,57,3.675757575757576,18,3308990.1515151514
10010,27,37,135206720.0,61,3.8756756756756756,19,3654235.6756756757
10011,19,37,151062835.0,56,4.081081081081081,18,4082779.3243243243
10012,12,26,153973400.0,39,3.869230769230769,16,5922053.846153846
10013,28,23,109077875.0,44,4.160869565217391,12,4742516.304347826
10014,40,18,83506305.0,42,4.666666666666667,11,4639239.166666667
10015,37,10,49846750.0,17,3.8600000000000003,8,4984675.0
10016,62,14,78502000.0,23,4.492857142857143,11,5607285.714285715
10017,25,22,102976500.0,44,3.9227272727272724,13,4680750.0
10018,8,37,96149775.0,59,4.283783783783784,17,2598642.5675675673
10019,5,9,24370250.0,11,3.688888888888889,9,2707805.5555555555
10020,33,60,253801835.0,103,3.8633333333333337,32,4230030.583333333
10021,30,12,60529650.0,19,4.066666666666666,8,5044137.5
10022,10,12,105611750.0,20,3.6333333333333333,12,8800979.166666666
10023,7,29,84585860.0,42,4.141379310344828,15,2916753.793103448
10024,13,15,68582000.0,24,3.8066666666666666,11,4572133.333333333
10025,3,60,293106642.5,106,3.646666666666667,29,4885110.708333333
10026,7,44,157909025.0,64,4.213636363636364,26,3588841.477272727
10027,13,31,111809625.0,54,4.158064516129032,14,3606762.0967741935
10028,22,31,170986780.0,59,4.174193548387097,15,5515702.580645162
10029,1,52,246083957.5,86,4.305769230769231,24,4732383.798076923
10030,13,33,125664702.5,46,4.345454545454546,12,3808021.287878788
10031,8,27,152091625.0,44,3.7481481481481485,11,5633023.148148148
10032,172,16,16324800.0,24,4.775,5,1020300.0
10033,2,21,94664775.0,33,4.204761904761905,12,4507846.428571428
10034,11,12,29946515.0,16,4.358333333333333,10,2495542.9166666665
10035,26,34,125161062.5,56,4.114705882352942,18,3681207.720588235
10036,7,41,178301740.0,70,4.009756097560976,21,4348822.926829268
10037,11,28,150908060.0,42,4.089285714285714,15,5389573.571428572
10038,44,42,138400400.0,66,4.05,16,3295247.619047619
10039,7,29,170449960.0,47,4.355172413793103,16,5877584.827586207
10040,23,24,83076720.0,33,4.175,15,3461530.0
10041,9,31,185471407.5,45,4.219354838709678,21,5982948.629032258
10042,15,29,71406050.0,47,4.26551724137931,15,2462277.5862068967
10043,1,36,184795817.5,59,4.408333333333333,18,5133217.152777778
10044,10,14,54011360.0,23,4.692857142857143,9,3857954.285714286
10045,26,38,172178705.0,56,4.234210526315789,19,4531018.552631579
10046,48,15,102489790.0,25,4.173333333333334,7,6832652.666666667
10047,31,20,78038750.0,35,4.365,13,3901937.5
10048,15,23,94348375.0,31,4.5826086956521745,16,4102103.2608695654
10049,9,20,120572550.0,32,4.4,13,6028627.5
10050,43,9,35996472.0,13,4.222222222222222,6,3999608.0
10051,46,20,79261596.0,32,4.235,13,3963079.8
10052,134,23,41160660.0,31,4.147826086956522,14,1789593.9130434783
10053,29,15,32005470.0,22,4.526666666666667,8,2133698.0
10054,21,18,59821731.0,30,4.116666666666666,11,3323429.5
10055,17,9,24975529.5,17,3.822222222222222,8,2775058.8333333335
10056,65,19,96056874.0,37,4.11578947368421,12,5055624.947368421
10057,124,13,14385108.0,19,3.8307692307692305,8,1106546.7692307692
10058,3,16,21922609.5,22,3.9875,8,1370163.09375
10059,59,3,6334500.0,6,4.566666666666666,3,2111500.0
10060,152,4,7213044.0,8,3.5,4,1803261.0
10061,80,7,14163153.0,11,4.971428571428571,3,2023307.5714285714
10062,41,15,35432865.0,22,4.86,8,2362191.0
10063,10,10,14541225.0,13,3.15,7,1454122.5
10064,18,22,44775856.5,26,4.254545454545454,8,2035266.2045454546
10065,73,15,39437446.5,21,4.173333333333334,9,2629163.1
10066,52,11,22992520.5,17,4.736363636363636,7,2090229.1363636365
10067,71,7,8225964.0,10,4.171428571428572,4,1175137.7142857143
10068,1,20,42660426.0,29,3.6399999999999997,12,2133021.3
10069,27,14,30804000.0,23,3.5500000000000003,9,2200285.714285714
10070,62,11,44054490.0,18,4.490909090909091,5,4004953.6363636362
10071,10,20,42864291.0,32,4.255,11,2143214.55
10072,9,16,32881215.0,20,4.3,8,2055075.9375
10073,77,10,14740800.0,18,4.9399999999999995,7,1474080.0
10074,7,17,74475540.0,29,4.711764705882352,12,4380914.117647059
10075,20,17,16980675.0,26,4.4941176470588236,8,998863.2352941176
10076,19,10,31825864.5,22,3.9299999999999997,10,3182586.45
10077,4,11,48258330.0,20,4.363636363636363,6,4387120.909090909
10078,14,20,84776112.0,32,4.225,15,4238805.6
10079,108,10,35275800.0,17,3.8200000000000003,7,3527580.0
10080,5,9,15814725.0,18,4.844444444444445,6,1757191.6666666667
10081,14,19,72727890.0,33,3.8157894736842106,13,3827783.6842105263
10082,95,13,7463109.0,17,4.115384615384615,9,574085.3076923077
10083,39,20,23477067.0,34,4.1450000000000005,8,1173853.35
10084,124,16,27318720.0,24,3.65625,12,1707420.0
10085,7,12,14348871.0,19,4.55,5,1195739.25
10086,187,10,19525410.0,16,4.41,5,1952541.0
10087,31,14,15876345.0,19,4.142857142857143,9,1134024.642857143
10088,5,22,32303847.0,38,3.0863636363636364,16,1468356.6818181819
10089,10,24,38508750.0,32,4.295833333333333,13,1604531.25
10090,35,9,62040045.0,12,4.322222222222222,9,6893338.333333333
10091,50,10,33824370.0,17,4.14,6,3382437.0
10092,5,13,35995177.5,25,4.253846153846154,7,2768859.8076923075
10093,107,9,4569090.0,13,4.377777777777777,7,507676.6666666667
10094,6,20,38429145.0,37,4.5649999999999995,10,1921457.25
10095,94,14,42311166.0,24,4.078571428571428,9,3022226.1428571427
10096,100,12,20873550.0,19,3.9250000000000003,8,1739462.5
10097,75,11,17619990.0,18,3.9454545454545453,8,1601817.2727272727
10098,1,19,67790850.0,33,4.389473684210526,11,3567939.4736842103
10099,59,20,46552215.0,35,4.11,7,2327610.75
10100,22,24,43530420.0,33,4.191666666666666,16,1813767.5
10101,2,17,17123203.5,25,3.835294117647059,10,1007247.2647058824
10102,3,11,14135581.5,17,4.245454545454546,9,1285052.8636363635
10103,8,10,42088380.0,13,3.2299999999999995,7,4208838.0
10104,53,12,44370900.0,16,3.6,9,3697575.0
10105,34,20,157907925.0,36,4.3950000000000005,9,7895396.25
10106,114,15,31525650.0,20,3.393333333333333,8,2101710.0
10107,233,10,30784800.0,18,3.37,9,3078480.0
10108,53,12,42395827.5,18,4.075,8,3532985.625
10109,27,18,51862503.0,26,4.027777777777778,11,2881250.1666666665
10110,35,16,40855125.0,27,4.1625,9,2553445.3125
10111,109,14,18401370.0,33,4.314285714285714,7,1314383.5714285714
10112,1,21,34125939.0,33,3.6285714285714286,9,1625044.7142857143
10113,37,26,87556350.0,42,4.157692307692307,16,3367551.923076923
10114,25,16,37395579.0,24,4.53125,11,2337223.6875
10115,1,14,44283450.0,18,4.4,10,3163103.5714285714
10116,76,11,17044071.0,16,3.036363636363636,7,1549461.0
10117,30,12,11810310.0,19,4.816666666666666,7,984192.5
10118,18,11,7512150.0,19,3.1,7,682922.7272727273
10119,35,20,34651653.0,41,4.1049999999999995,15,1732582.65
10120,43,12,19837800.0,19,4.791666666666667,7,1653150.0
10121,36,8,45954825.0,13,4.25,7,5744353.125
10122,5,7,29346459.0,11,4.828571428571428,4,4192351.285714286
10123,85,5,8173366.5,9,4.8,3,1634673.3
10124,39,11,34092714.0,15,3.6545454545454548,9,3099337.6363636362
10125,85,14,15645018.0,19,4.242857142857143,6,1117501.2857142857
10126,82,8,25284690.0,17,4.1875,6,3160586.25
10127,51,12,23626084.5,18,3.5,12,1968840.375
10128,64,14,30065722.5,25,4.614285714285714,10,2147551.6071428573
10129,39,6,50528370.0,11,4.833333333333333,5,8421395.0
10130,14,21,44511885.0,27,4.3047619047619055,12,2119613.5714285714
10131,74,8,3662692.5,12,3.6625,7,457836.5625
10132,13,18,24891001.5,32,4.477777777777778,10,1382833.4166666667
10133,93,22,62230605.0,37,3.713636363636364,14,2828663.8636363638
10134,8,17,22870737.0,31,4.188235294117647,9,1345337.4705882352
10135,22,6,7773750.0,8,4.166666666666667,4,1295625.0
10136,33,7,12321150.0,9,4.085714285714286,5,1760164.2857142857
10137,5,12,36969207.0,25,4.233333333333333,8,3080767.25
10138,119,17,45131445.0,27,3.4352941176470586,14,2654790.882352941
10139,45,5,8439000.0,6,3.9,4,1687800.0
10140,40,9,22098750.0,18,3.7666666666666666,7,2455416.6666666665
10141,149,8,6374265.0,13,4.8,7,796783.125
10142,90,20,78756750.0,32,3.7950000000000004,11,3937837.5
10143,62,19,63467235.0,30,4.0736842105263165,12,3340380.789473684
10144,65,24,61661190.0,38,4.345833333333333,10,2569216.25
10145,107,22,60058170.0,33,4.190909090909091,16,2729916.8181818184
10146,74,21,74510100.0,39,4.261904761904762,13,3548100.0
10147,42,9,66955309.5,13,3.933333333333333,8,7439478.833333333
10148,32,22,69639600.0,41,3.8818181818181823,16,3165436.3636363638
10149,8,17,64058400.0,29,4.835294117647059,7,3768141.1764705884
10150,41,15,38262331.5,25,4.42,9,2550822.1
10151,64,23,81986010.0,39,4.065217391304348,14,3564609.1304347827
10152,18,6,5175330.0,13,3.983333333333333,5,862555.0
10153,177,8,47661225.0,15,3.0625,6,5957653.125
10154,40,8,76032000.0,14,3.4,8,9504000.0
10155,72,3,35385000.0,4,4.933333333333334,3,11795000.0
10156,33,16,66257181.0,31,4.31875,12,4141073.8125
10157,8,23,101173752.0,39,3.860869565217391,15,4398858.782608695
10158,22,16,30645930.0,30,3.65,13,1915370.625
10159,5,11,37268400.0,13,3.6181818181818177,6,3388036.3636363638
10160,50,9,23883609.0,16,3.788888888888889,8,2653734.3333333335
10161,25,20,42041280.0,30,4.5200000000000005,13,2102064.0
10162,71,15,22635795.0,20,4.680000000000001,10,1509053.0
10163,2,14,49096266.0,24,3.414285714285714,12,3506876.1428571427
10164,9,14,20747490.0,26,4.535714285714286,8,1481963.5714285714
10165,18,12,53885040.0,21,4.325,9,4490420.0
10166,75,15,39909390.0,24,3.8,8,2660626.0
10167,46,12,56333862.0,18,3.6916666666666664,8,4694488.5
10168,12,19,46996470.0,26,2.994736842105263,12,2473498.4210526315
10169,27,24,75767370.0,38,3.4916666666666667,16,3156973.75
10170,68,18,85012890.0,31,4.272222222222222,11,4722938.333333333
10171,48,5,5147311.5,10,3.8200000000000003,3,1029462.3
10172,16,14,20405923.5,23,3.492857142857143,9,1457565.9642857143
10173,6,8,18950700.0,16,4.2,6,2368837.5
10174,21,15,49664970.0,29,4.133333333333334,9,3310998.0
10175,20,13,61276800.0,19,4.838461538461538,8,4713600.0
10176,41,13,19630200.0,20,3.5461538461538464,6,1510015.3846153845
10177,1,15,12323676.0,23,3.8,8,821578.4
10178,61,22,79875564.0,40,4.1454545454545455,12,3630707.4545454546
10179,87,7,17295645.0,13,3.4714285714285715,6,2470806.4285714286
10180,20,14,70416621.0,22,4.207142857142857,10,5029758.642857143
10181,33,21,29843335.5,28,3.9428571428571426,12,1421111.2142857143
10182,151,9,10934445.0,10,4.2555555555555555,7,1214938.3333333333
10183,18,19,56744856.0,36,4.778947368421052,12,2986571.3684210526
10184,134,12,17332782.0,22,4.1000000000000005,6,1444398.5
10185,17,11,23723701.5,15,4.0,6,2156700.1363636362
10186,29,6,15521445.0,8,4.1000000000000005,4,2586907.5
10187,14,8,31639050.0,12,4.1,7,3954881.25
10188,54,5,5330040.0,7,4.96,4,1066008.0
10189,29,15,16592025.0,23,3.933333333333333,7,1106135.0
10190,5,23,72143358.0,33,4.239130434782608,12,3136667.7391304346
10191,90,6,2235750.0,7,4.566666666666666,3,372625.0
10192,25,15,12740970.0,29,3.546666666666667,9,849398.0
10193,6,7,5835150.0,12,4.142857142857143,5,833592.8571428572
10194,1,2,36085650.0,4,2.5,2,18042825.0
10195,253,3,1818000.0,4,3.266666666666667,2,606000.0
10196,2,10,42196755.0,16,4.3,7,4219675.5
10197,35,11,11667030.0,18,4.827272727272727,7,1060639.0909090908
10198,12,10,59118216.0,17,4.7700000000000005,6,5911821.6
10199,29,11,32677977.0,17,3.9181818181818184,7,2970725.1818181816
10200,29,10,47696800.0,16,4.65,6,4769680.0
10201,94,5,13517469.0,12,3.0799999999999996,5,2703493.8
10202,174,2,585000.0,2,4.9,2,292500.0
10203,122,6,7263801.0,10,4.166666666666667,4,1210633.5
10204,32,7,8004000.0,12,4.742857142857143,4,1143428.5714285714
10205,187,9,6507100.0,12,4.377777777777777,6,723011.1111111111
10206,109,5,6196150.0,6,3.7600000000000002,5,1239230.0
10207,361,1,210000.0,3,4.8,1,210000.0
10208,274,5,4888548.0,7,3.96,2,977709.6
10209,150,4,592600.0,5,4.75,2,148150.0
10210,6,11,13275920.0,14,4.072727272727272,7,1206901.8181818181
10211,93,5,9351000.0,9,4.9,3,1870200.0
10212,221,5,9597990.0,7,3.88,3,1919598.0
10213,41,3,1881800.0,3,3.6666666666666665,2,627266.6666666666
10214,2,11,41088800.0,20,3.590909090909091,6,3735345.4545454546
10215,13,7,10785900.0,15,3.4857142857142853,6,1540842.857142857
10216,44,3,1074350.0,6,4.666666666666667,3,358116.6666666667
10217,19,2,946180.0,4,4.85,2,473090.0
10218,132,8,12813092.0,14,4.1,5,1601636.5
10219,61,5,9519100.0,9,4.779999999999999,4,1903820.0
10220,157,5,11258000.0,6,4.92,5,2251600.0
10221,108,4,2896000.0,4,3.575,4,724000.0
10222,12,4,5022100.0,7,3.425,4,1255525.0
10223,46,4,7441100.0,8,3.625,3,1860275.0
10224,254,1,370000.0,1,4.8,1,370000.0
10225,228,4,2988330.0,4,3.575,2,747082.5
10226,32,9,42604994.0,16,3.788888888888889,6,4733888.222222222
10227,14,5,11767900.0,9,4.92,2,2353580.0
10228,255,4,1825250.0,4,3.75,3,456312.5
10229,30,9,22267792.0,15,2.8111111111111113,7,2474199.111111111
10230,53,10,14483860.0,18,4.76,8,1448386.0
10231,27,8,11118090.0,9,4.375,5,1389761.25
10232,360,2,1462950.0,3,4.9,2,731475.0
10233,37,6,21278206.0,10,4.016666666666667,5,3546367.6666666665
10234,162,8,4703800.0,11,4.375,8,587975.0
10235,28,2,2164200.0,2,4.85,2,1082100.0
10236,13,8,14400500.0,10,4.1625,5,1800062.5
10237,9,3,2245000.0,3,1.5666666666666667,3,748333.3333333334
10238,104,12,9162810.0,19,3.216666666666667,8,763567.5
10239,125,5,7654000.0,11,3.96,4,1530800.0
10240,18,4,2114000.0,6,5.0,3,528500.0
10241,11,3,1457718.0,4,1.6666666666666667,3,485906.0
10242,109,4,11575060.0,7,3.625,4,2893765.0
10243,138,2,1075000.0,5,2.5,2,537500.0
10244,91,5,2822600.0,12,4.5600000000000005,3,564520.0
10245,52,9,39257324.0,14,3.6222222222222222,8,4361924.888888889
10246,197,8,13168820.0,11,3.7875,6,1646102.5
10247,10,7,7314400.0,9,4.1,7,1044914.2857142857
10248,14,4,2790900.0,9,4.7,3,697725.0
10249,253,1,4090000.0,1,4.7,1,4090000.0
10250,121,10,14272442.0,16,4.61,5,1427244.2
10251,39,14,11904940.0,26,3.5142857142857147,7,850352.8571428572
10252,27,8,22828500.0,12,4.3375,7,2853562.5
10253,14,5,3769700.0,6,4.0600000000000005,4,753940.0
10254,139,5,8433400.0,6,3.0,4,1686680.0
10255,203,7,6489344.0,10,4.914285714285714,4,927049.1428571428
10256,75,7,8002100.0,10,4.5,6,1143157.142857143
10257,96,4,6181900.0,4,4.85,3,1545475.0
10258,231,2,3290800.0,3,5.0,2,1645400.0
10259,14,3,3435000.0,5,3.0,3,1145000.0
10260,212,6,15349444.0,9,0.9166666666666666,5,2558240.6666666665
10261,29,12,15740500.0,20,3.3249999999999997,9,1311708.3333333333
10262,6,3,3275000.0,6,4.866666666666666,3,1091666.6666666667
10263,124,2,820400.0,4,4.85,2,410200.0
10264,133,8,29590604.0,13,3.0625,5,3698825.5
10265,46,14,36463681.0,25,4.878571428571428,10,2604548.6428571427
10266,94,9,20021573.0,17,4.933333333333334,7,2224619.222222222
10267,62,7,18102476.0,9,2.6571428571428575,7,2586068.0
10268,280,3,5750500.0,3,4.833333333333333,3,1916833.3333333333
10269,21,9,20945800.0,15,4.366666666666666,7,2327311.111111111
10270,85,7,30071460.0,10,3.414285714285714,6,4295922.857142857
10271,47,6,7335500.0,8,3.016666666666667,6,1222583.3333333333
10272,228,7,23499395.0,14,3.414285714285714,6,3357056.4285714286
10273,39,3,12630800.0,7,3.3333333333333335,3,4210266.666666667
10274,177,7,16075400.0,11,4.185714285714286,5,2296485.714285714
10275,83,3,14620000.0,4,3.5,3,4873333.333333333
10276,26,9,14129530.0,15,2.5555555555555554,6,1569947.7777777778
10277,235,4,985000.0,7,4.9,4,246250.0
10278,24,13,41270900.0,17,3.6538461538461537,11,3174684.6153846155
10279,192,2,6988000.0,2,5.0,2,3494000.0
10280,14,10,19001400.0,19,4.95,5,1900140.0
10281,109,7,4109435.0,11,4.042857142857143,7,587062.1428571428
10282,316,1,21956000.0,4,0.0,1,21956000.0
10283,74,8,12374200.0,14,3.675,6,1546775.0
10284,8,4,1602760.0,7,4.6,3,400690.0
10285,90,5,947980.0,6,4.84,3,189596.0
10286,332,3,14036000.0,8,3.266666666666667,3,4678666.666666667
10287,192,5,23309200.0,9,4.9,5,4661840.0
10288,101,8,9463500.0,12,4.825,6,1182937.5
10289,195,1,1338000.0,2,4.2,1,1338000.0
10290,5,12,31213582.0,19,4.358333333333333,10,2601131.8333333335
10291,110,7,25097753.0,13,4.371428571428572,7,3585393.285714286
10292,58,2,7237000.0,4,4.9,2,3618500.0
10293,26,6,44905600.0,8,3.8000000000000003,6,7484266.666666667
10294,42,6,23324160.0,10,4.883333333333334,3,3887360.0
10295,77,4,8425900.0,9,3.75,4,2106475.0
10296,155,4,11542200.0,7,3.625,3,2885550.0
10297,12,3,5211800.0,9,3.1,3,1737266.6666666667
10298,43,9,16672800.0,16,4.211111111111111,6,1852533.3333333333
10299,47,10,5268480.0,21,4.21,6,526848.0
10300,271,1,4890000.0,1,5.0,1,4890000.0
10301,63,11,15235200.0,20,4.427272727272728,10,1385018.1818181819
10302,220,5,1207687.0,6,4.74,3,241537.4
10303,7,8,25216200.0,12,4.225,8,3152025.0
10304,1,9,7860520.0,15,2.6444444444444444,6,873391.1111111111
10305,195,4,7349254.0,8,3.675,3,1837313.5
10306,1,6,11738840.0,12,3.9499999999999997,6,1956473.3333333333
10307,114,5,3568000.0,6,4.92,3,713600.0
10308,1,7,4801860.0,11,4.8428571428571425,3,685980.0
10309,33,9,5978700.0,14,4.622222222222223,7,664300.0
10310,32,5,2752218.0,5,3.94,4,550443.6
10311,2,9,8702734.0,12,4.277777777777778,6,966970.4444444445
10312,73,4,9659200.0,5,4.825,4,2414800.0
10313,333,4,9894700.0,9,4.575,3,2473675.0
10314,95,8,2525500.0,12,4.2875,6,315687.5
10315,66,8,45230720.0,10,4.8125,5,5653840.0
10316,274,1,150400.0,1,5.0,1,150400.0
10317,56,6,5845860.0,12,4.7,5,974310.0
10318,81,10,34132540.0,18,4.2299999999999995,9,3413254.0
10319,70,11,19138930.0,15,3.6727272727272724,9,1739902.7272727273
10320,31,9,11398618.0,15,4.322222222222222,8,1266513.111111111
10321,107,13,18038900.0,21,3.569230769230769,8,1387607.6923076923
10323,164,9,26670900.0,17,3.2222222222222223,8,2963433.3333333335
10324,279,6,13122000.0,7,3.1333333333333333,4,2187000.0
10325,13,4,1640300.0,8,3.7,3,410075.0
10326,72,9,47544000.0,15,3.8666666666666663,9,5282666.666666667
10327,236,5,26253000.0,6,4.0,3,5250600.0
10328,114,12,5735994.0,18,4.541666666666667,6,477999.5
10329,185,4,575160.0,6,4.675,3,143790.0
10330,52,5,2235802.0,9,3.96,4,447160.4
10331,68,7,967600.0,10,4.857142857142857,4,138228.57142857142
10332,55,5,7836194.0,6,4.0,3,1567238.8
10333,105,8,30651800.0,14,4.3,6,3831475.0
10334,35,6,10829684.0,10,4.166666666666667,4,1804947.3333333333
10335,4,4,1732480.0,5,3.5,3,433120.0
10336,112,2,328463.0,3,5.0,1,164231.5
10337,143,1,8249000.0,1,2.0,1,8249000.0
10338,141,10,15792770.0,16,4.779999999999999,8,1579277.0
10339,175,5,5409330.0,8,4.86,5,1081866.0
10340,30,9,1936524.0,14,4.422222222222222,7,215169.33333333334
10341,201,5,20244230.0,8,0.9400000000000001,5,4048846.0
10342,42,3,4065503.0,4,4.766666666666667,2,1355167.6666666667
10343,108,6,31383400.0,7,3.1999999999999997,5,5230566.666666667
10344,65,4,4659400.0,8,3.55,4,1164850.0
10345,72,5,2536880.0,9,4.96,4,507376.0
10346,3,10,3364000.0,13,3.6,6,336400.0
10347,54,11,55589300.0,15,4.536363636363636,7,5053572.7272727275
10348,88,3,1154400.0,3,4.666666666666667,3,384800.0
10349,134,1,155000.0,1,5.0,1,155000.0
10350,211,1,1190000.0,1,4.8,1,1190000.0
10351,188,2,8635060.0,3,3.35,2,4317530.0
10352,111,3,1262700.0,9,3.1999999999999997,2,420900.0
10353,5,12,27766520.0,15,3.5833333333333335,9,2313876.6666666665
10354,240,4,764822.0,5,4.825,2,191205.5
10355,29,5,4730200.0,8,2.0,3,946040.0
10356,9,7,3934500.0,12,4.085714285714286,4,562071.4285714285
10357,240,4,9209900.0,4,4.2,4,2302475.0
10358,6,11,44928300.0,16,4.118181818181818,8,4084390.909090909
10359,131,7,6777300.0,13,4.357142857142857,6,968185.7142857143
10360,255,4,791600.0,5,4.925,2,197900.0
10361,171,1,920000.0,1,4.8,1,920000.0
10362,54,6,3464150.0,7,3.3833333333333333,6,577358.3333333334
10363,28,8,18197900.0,16,4.375,4,2274737.5
10364,3,5,14007550.0,9,3.9200000000000004,3,2801510.0
10365,38,2,8162030.0,2,2.25,2,4081015.0
10366,132,6,4334600.0,8,4.05,4,722433.3333333334
10367,116,8,19014534.0,12,4.1125,5,2376816.75
10368,98,3,1224000.0,6,1.6666666666666667,3,408000.0
10369,11,2,4499000.0,2,2.5,2,2249500.0
10370,16,3,456000.0,4,4.833333333333333,3,152000.0
10371,37,8,3358520.0,13,4.3,6,419815.0
10372,166,7,8568040.0,11,4.242857142857143,4,1224005.7142857143
10373,97,6,30271930.0,11,4.666666666666667,4,5045321.666666667
10374,92,8,45852480.0,12,4.3,5,5731560.0
10375,142,9,5192467.0,16,4.155555555555555,6,576940.7777777778
10376,32,9,24287900.0,12,4.222222222222222,7,2698655.5555555555
10377,58,6,5512000.0,13,4.8999999999999995,4,918666.6666666666
10378,40,2,1350000.0,2,4.75,2,675000.0
10379,39,7,13592000.0,12,4.8999999999999995,4,1941714.2857142857
10380,145,2,3699000.0,2,2.4,2,1849500.0
10381,30,2,18130600.0,5,2.5,2,9065300.0
10382,30,9,3073055.0,12,3.7777777777777777,7,341450.55555555556
10383,158,12,13738900.0,21,4.108333333333333,8,1144908.3333333333
10384,10,2,249000.0,5,5.0,1,124500.0
10385,84,7,15043800.0,14,4.8428571428571425,5,2149114.285714286
10386,120,9,25920000.0,13,4.766666666666667,7,2880000.0
10387,45,8,39907340.0,11,3.6625,6,4988417.5
10388,28,5,895420.0,7,3.8600000000000003,4,179084.0
10389,39,6,1422980.0,11,4.866666666666666,3,237163.33333333334
10390,173,1,167500.0,1,5.0,1,167500.0
10391,38,8,16573424.0,15,3.6875,5,2071678.0
10392,5,6,5101530.0,9,4.166666666666667,4,850255.0
10393,108,7,26688106.0,10,4.857142857142857,6,3812586.5714285714
10394,78,5,14172400.0,8,4.86,4,2834480.0
10395,8,7,28231185.0,14,3.4857142857142853,5,4033026.4285714286
10396,14,12,14707020.0,17,4.716666666666667,6,1225585.0
10397,54,5,6384700.0,6,2.0,4,1276940.0
10398,18,12,69308760.0,26,4.441666666666666,10,5775730.0
10399,98,10,10243720.0,11,4.39,6,1024372.0
10400,199,3,11244160.0,6,3.3333333333333335,2,3748053.3333333335
10401,121,1,1720000.0,1,5.0,1,1720000.0
10402,249,2,13295200.0,3,5.0,2,6647600.0
10405,325,1,2639200.0,1,0.0,1,2639200.0
10406,130,1,140896.0,2,4.8,1,140896.0
10407,88,5,16642160.0,6,3.8600000000000003,5,3328432.0
10408,328,2,246344.0,3,4.75,1,123172.0
10409,1,2,2182160.0,2,2.25,2,1091080.0
10410,27,2,676640.0,5,5.0,2,338320.0
10411,339,4,16043040.0,9,2.325,4,4010760.0
10412,95,6,6013750.4,12,5.0,4,1002291.7333333334
10414,195,1,496320.0,2,0.0,1,496320.0
10415,95,2,2240640.0,3,5.0,2,1120320.0
10416,88,1,398400.0,3,5.0,1,398400.0
10417,167,1,190120.0,1,4.3,1,190120.0
10418,341,2,243200.0,2,4.85,2,121600.0
10419,79,1,2347200.0,1,4.5,1,2347200.0
10420,104,4,8224480.0,6,3.675,4,2056120.0
10421,268,4,5511328.0,5,3.75,4,1377832.0
10422,291,3,9078400.0,5,4.8999999999999995,3,3026133.3333333335
10423,335,1,193600.0,1,4.7,1,193600.0
10425,250,1,312000.0,2,0.0,1,312000.0
10426,170,5,2324360.0,5,3.9,5,464872.0
10428,34,6,26161920.0,11,3.3333333333333335,6,4360320.0
10429,198,2,1296320.0,4,4.9,2,648160.0
10430,361,1,98960.0,1,5.0,1,98960.0
10431,163,3,6915304.0,6,1.6666666666666667,3,2305101.3333333335
10432,91,3,19933728.0,5,3.266666666666667,3,6644576.0
10433,233,3,1152013.6,4,4.866666666666666,2,384004.5333333334
10434,195,1,1751200.0,1,4.8,1,1751200.0
10435,235,3,3701232.8,3,4.833333333333333,3,1233744.2666666666
10436,272,2,182080.0,4,5.0,1,91040.0
10437,331,2,6436000.0,5,5.0,2,3218000.0
10438,81,2,7147040.0,4,4.85,2,3573520.0
10440,271,2,3158664.0,2,4.35,2,1579332.0
10441,263,1,84000.0,3,5.0,1,84000.0
10442,231,3,1879120.0,3,5.0,3,626373.3333333334
10444,46,2,994240.0,5,5.0,2,497120.0
10445,154,1,4784000.0,2,5.0,1,4784000.0
10446,79,2,456000.0,5,4.8,2,228000.0
10447,320,1,139200.0,3,5.0,1,139200.0
10448,73,4,6054720.0,6,3.625,3,1513680.0
10449,102,3,2909196.0,3,3.266666666666667,3,969732.0
10451,72,2,201280.0,2,2.4,1,100640.0
10452,84,1,1194400.0,1,5.0,1,1194400.0
10453,264,3,490672.0,4,4.833333333333333,1,163557.33333333334
10454,315,3,728400.0,6,4.5,3,242800.0
10456,163,1,93200.0,1,4.0,1,93200.0
10457,323,1,136800.0,1,5.0,1,136800.0
10458,101,2,2060800.0,3,2.0,2,1030400.0
10459,331,3,6355200.0,8,4.833333333333333,3,2118400.0
10460,168,2,550400.0,3,5.0,2,275200.0
10461,36,4,1065520.0,8,4.1,2,266380.0
10464,345,2,264264.0,3,5.0,1,132132.0
10465,34,2,309424.0,3,4.85,1,154712.0
10466,78,4,25714240.0,11,4.95,4,6428560.0
10468,156,2,2469520.0,2,4.75,2,1234760.0
10469,138,6,9285840.0,13,3.266666666666667,5,1547640.0
10470,363,2,380480.0,5,4.65,1,190240.0
10471,182,4,1957280.0,6,3.7,4,489320.0
10472,295,4,1855200.0,6,3.675,3,463800.0
10473,247,2,1373600.0,3,4.9,2,686800.0
10475,161,2,1552377.6,3,2.35,2,776188.8
10477,8,2,170560.0,2,5.0,1,85280.0
10478,177,1,144000.0,1,0.0,1,144000.0
10479,338,2,4620000.0,4,2.4,2,2310000.0
10480,43,1,111200.0,1,5.0,1,111200.0
10481,358,2,4497280.0,2,4.9,2,2248640.0
10482,362,3,2872432.0,3,4.833333333333333,3,957477.3333333334
10483,185,2,694400.0,4,2.4,2,347200.0
10484,182,1,316800.0,3,5.0,1,316800.0
10485,10,2,363840.0,3,4.25,1,181920.0
10486,43,1,91200.0,3,5.0,1,91200.0
10487,205,4,5631360.0,8,3.625,4,1407840.0
10488,306,2,955600.0,5,2.4,2,477800.0
10489,99,2,3016800.0,5,2.5,2,1508400.0
10490,180,5,4194560.0,8,3.94,4,838912.0
10491,288,5,47003648.0,12,4.66,4,9400729.6
10493,118,2,11558288.0,6,2.5,2,5779144.0
10494,319,2,3847200.0,2,4.25,2,1923600.0
10496,121,1,3616000.0,2,0.0,1,3616000.0
10497,358,1,208000.0,2,5.0,1,208000.0
10498,133,1,4302400.0,2,0.0,1,4302400.0
10499,312,1,11304000.0,4,5.0,1,11304000.0
